<?xml version="1.0" encoding="UTF-8"?>
<messages>
	<message id="header-user">
			<label>${logged-in-user}</label>
	</message>

	<message id="start-form">
		${header}
		<div class="start-form container">
			<div class="row">
				<div class="span6">
					<div class="form-horizontal">
					  <div class="form-group">
					    <div class="col-sm-10">
					      ${beer-search-text}
					    </div>
					  </div>
		
					  <div class="form-group">
					    <div class="col-sm-offset-2 col-sm-10">
					     	${beer-search-button}
					    </div>
					  </div>
					</div>
				</div>
				<div class="span6">
					<div class="form-horizontal">
					  <div class="form-group">
					    <div class="col-sm-10">
					      ${bar-search-text}
					    </div>
					  </div>
		
					  <div class="form-group">
					    <div class="col-sm-offset-2 col-sm-10">
					     	${bar-search-button}
					    </div>
					  </div>
					</div>
				</div>
			</div>

			<div class="row">
				${login}
			</div>
		</div>
	</message>
	
	<message id="beer-form">
		${header}
		<div class="beer-from">
		<div class="row-fluid">
		 	<h1 id="title" >${beer}</h1>
		</div>
		<div class="row-fluid">
			<div class="span6" >
						<div>${tr:beer-form.brewed-by}: ${brewery}</div>
						<div>${tr:beer-form.alcohol}: ${alcohol} °</div>
						<div>${tr:beer-form.favored-by}: ${favored-by}</div>
						<div>${tr:beer-form.score}: ${score} / ${highest-score}</div>
						<a target="_blank" href="${find-bars-url}">${find-bars-text}</a>
						<div style="padding-bottom:2px">${add-to-favorites}</div>
						<object class="facebook-like" type="text/html" data="${facebook}"></object>
			</div>	
			<div class="span6" >	
					<img src="${picture-url}" style="height:150px"/>
				</div>
		</div>
		<div class="row-fluid">

			<div class="row-fluid" >
					<h3>${tr:beer-form.tags}:</h3> <div>${tags}</div> <div class="span1">${add-tag}</div>
			</div>
		</div>
		<div class="row-fluid">
			<h3>${tr:beer-form.reviews}:</h3>
			<div style="padding-bottom:5px">${add-review}</div>
			${reviews}
		</div>
		</div>
	</message>
	
	<message id="tag">
		<span class="label label-info tag pull-left">${text}</span>
	</message>
	
	<message id="review">
		<div class="review span12">
			<div class="row-fluid">
				<div class="average-score pull-left"><strong>${tr:review.average-score}:${average-score}</strong></div>
				<div class="poster pull-right">${tr:review.posted-by}: ${poster}</div>
			</div>
			<div class="row-fluid">
				<div class="score span1">${tr:review.color}:${color-score}</div>
				<div class="score span1">${tr:review.smell}:${smell-score}</div>
				<div class="score span1">${tr:review.taste}:${taste-score}</div>
				<div class="score span1">${tr:review.feel}:${feel-score}</div>
			</div>
			<div class="row-fluid">${text}</div>
			<div class="row-fluid">${control}</div>
			<div class="row-fluid">${comments}</div>
		</div>
	</message>
	
	<message id="ellipsis">
		<span>...</span>
	</message>
	

	<message id="add-tag-dialog">
		<div class="dialog">
			<div class="div-row">${type-combo}</div>
			<div class="div-row">${variable-field}</div>
			<div class="controls">${ok} ${cancel}</div>
		</div>
	</message>
	
	<message id="add-review-dialog">
			  <span class="control-group">
			    <label class="control-label" for="${id:color}">
			      ${tr:add-review-dialog.color}
			    </label>
			    <span class="controls">
			      ${color}
			    </span>
			  </span>
			  
			  <span class="control-group">
			    <label class="control-label" for="${id:smell}">
			      ${tr:add-review-dialog.smell}
			    </label>
			    <span class="controls">
			      ${smell}
			    </span>
			  </span>
			    
			  <span class="control-group">
			    <label class="control-label" for="${id:taste}">
			      ${tr:add-review-dialog.taste}
			    </label>
			    <span class="controls">
			      ${taste}
			    </span>	
			  </span>  
			  
			  <span class="control-group">
			    <label class="control-label" for="${id:feel}">
			      ${tr:add-review-dialog.feel}
			    </label>
			    <span class="controls">
			      ${feel}
			    </span>
			  </span>
			  
			  <span class="control-group">
			    <label class="control-label" for="${id:text}">
			      ${tr:add-review-dialog.text}
			    </label>
			    <span class="controls">
			      ${text}
			    </span>
			  </span>
			
			<div class="form-actions">
				<div class="controls">${ok} ${cancel}</div>
			</div>		
	</message>

	<message id="user-form">
		${header}
		
		<div class="user-from">
		<div class="personal-info">
			<img src="${user-pic-url}" class="span3 offset3"/>
			<div class="span6">
			<div class="name row-fluid" id="title"><div>${first-name} ${last-name}</div>
		</div>
			<div class="row-fluid padding5"><div>${is-drinking-in}</div></div>
			<div class="row-fluid padding5"><div>${share-location}${stop-share-location}</div></div>
			<div class="row-fluid padding5"><div>${friend-import}</div></div>
			<div class="row-fluid padding5"><div>${logout}</div></div>
		</div>
			
		</div>
		<div class="row-fluid span8">
		${favorites}
		</div>
		<div class="row-fluid center"></div>
		<div class="row-fluid center">
			${find-nearby-friends}
		</div>
		<div class="row-fluid center">
			${find-nearby-bars}
		</div>
	</div>
	</message>
	
	<message id="is-drinking-in">
		<span class="is-drinking-in">${text}</span>
	</message>
	
	<message id="user-favorites">
		<table class="favorites table table-bordered">
			<tr>
				<td colspan="2">${tr:user-form.favorite-beers}</td>
				<td colspan="2">${tr:user-form.favorite-bars}</td>
			</tr>
			<tr>
				<td>${fav-beer-1}</td>
				<td>${fav-beer-delete-1}</td>
				<td>${fav-bar-1}</td>
				<td>${fav-bar-delete-1}</td>
			</tr>
			<tr>
				<td>${fav-beer-2}</td>
				<td>${fav-beer-delete-2}</td>
				<td>${fav-bar-2}</td>
				<td>${fav-bar-delete-2}</td>
			</tr>
			<tr>
				<td>${fav-beer-3}</td>
				<td>${fav-beer-delete-3}</td>
				<td>${fav-bar-3}</td>
				<td>${fav-bar-delete-3}</td>
			</tr>
			<tr>
				<td>${fav-beer-4}</td>
				<td>${fav-beer-delete-4}</td>
				<td>${fav-bar-4}</td>
				<td>${fav-bar-delete-4}</td>
			</tr>
			<tr>
				<td>${fav-beer-5}</td>
				<td>${fav-beer-delete-5}</td>
				<td>${fav-bar-5}</td>
				<td>${fav-bar-delete-5}</td>
			</tr>
		</table>
	</message>
	
	<message id="user-favorite-link">
		<a href="${app.base.url}/${url}">${name}</a>
	</message>
		
	<message id="comments-widget">
		<span>${tr:comments.all-comments} (${number})</span>
		${add-comment}
		${comments}
	</message>
	
	<message id="add-comment-widget">
		<div class="div-row">
			<div class="span1"><img src="${poster-img}"/></div>
			<div>
			
			<div class="row-fluid">
				${text}
			</div>
			<div class="pull-right">	
				${clear} ${post}
			</div>
			</div>
		</div>
	</message>
	
	<message id="comment-widget">
		<div class="row-fluid" style="padding:5px">
			<div class="span1"><img src="${poster-img}"/></div>
			<div class="span11">
				
				<div class="row-fluid">
					<div class="row-fluid">
					<span>${tr:comment.posted-by}:${poster-name}</span> <span>${posted-x-time-ago}</span>
					</div>
					<div class="row-fluid comment-text">${text}</div>
				</div>
			</div>
		</div>
	</message>
	
	<message id="bar-form">
		${header}	
		<div class="row-fluid">
			<h1 id="title" >${bar}</h1>
		</div>
		<div class="row-fluid">
			<div class="span4">${photo} ${tr:bar-form.upload}: ${upload}
			<div class="div-row">
		   <object type="text/html" data="${facebook}" class="facebook-like"></object>
			<div class="controls">${add-to-favorites}</div>
		   </div>
			</div>
						
					<div class="span4">
						<div class="row-fluid">
						<div class="span4">${tr:bar-form.address}:</div><div class="span8"> ${address1}</div>
						</div>
						<div class="row-fluid">
						<div class="span8 offset4"> ${address2}</div>
						</div>
						<div class="row-fluid">
						<div class="span8 offset4"> ${address3}</div>
						</div>
						<div class="row-fluid">
						<div class="span4">${tr:bar-form.favored-by}:</div><div class="span8"> ${favored-by}</div>
						</div>
						<div class="row-fluid">
						<div class="span4">${tr:bar-form.score}:</div><div class="span8"> ${score}/10 ${change-score}</div>
						</div>
						<div class="row-fluid">
						<div>${score-chart}</div>
						</div>
					</div>
					<div class="span4">
						<h4>${tr:bar-form.beerlist-tile}:</h4>
						${beer-list}	
					</div>	
		</div>
		
		<div>${comments}</div>
	</message>
	
	<message id="beer-list-item">
	<div>${name}</div>
	</message>
	
	
	<message id="add-beer-dialog">
	<div class="dialog">
	<form class="form">
			<div >${field}</div>
			<div class="controls">${add-beer} ${cancel}</div>
		</form>	
	</div>
	</message>
	
	<message id="new-bar-form">	
			<div>
				<div class="control-group">
				<label class="control-label" for="inputName">${tr:new-bar-form.name}:</label> 
				<span class="controls">
				${bar}
				</span>
				</div>
				<div class="control-group">
				<label class="control-label" for="inputStreet">${tr:new-bar-form.street}:</label> 
				<span class="controls">
				${street} 
				</span>
				</div>
				<div class="control-group">
				<label class="control-label" for="inputNumber">${tr:new-bar-form.number}:</label> 
				<span class="controls">
				${number} 
				</span>
				</div>
				<div class="control-group">
				<label class="control-label" for="inputZipcode">${tr:new-bar-form.zipcode}:</label> 
				<span class="controls">
				${zipcode} 
				</span>
				</div>
				<div class="control-group">
				<label class="control-label" for="inputCity">${tr:new-bar-form.city}:</label> 
				<span class="controls">
				${city}
				</span>
				</div>
				<div class="control-group">
				<label class="control-label" for="inputCountry">${tr:new-bar-form.country}:</label> 
				<span class="controls">
				${country}
				</span>
				</div>
				<div class="form-actions">
					<div class="controls">${ok} ${cancel}</div>
				</div>		
			</div>
	</message>
	
	<message id="beer-search-form">
	<div class="center">
		${header}
		
		<h2>${tr:beer-search.select-beer}</h2>
		<div class="input-append">${field} ${find}</div>
		${results}
		</div>
	</message>
	
	<message id="beer-search-results">
		<h3>${tr:beer-search.results}</h3>
		<div class="result-entries">${result-entries}</div>
	</message>
	
	<message id="beer-search-result">
		${name}
	</message>
	
	<message id="no-beer-search-results">
		<h3>${tr:beer-search.no-results}</h3>
	</message>
	
	<message id="bar-search-form">
	<div class="center">${header}
		
		
		<h2>${tr:bar-search.select-bar}:</h2>
		<div class="input-append">${field}  ${find}</div>
		${results}
		${add-bar}
		</div>
		
	</message>
	
	<message id="bar-search-results">
		<span>${tr:bar-search.results}:</span>
		<div>${result-entries}</div>
	</message>
	
	<message id="bar-search-result">
		${name}
	</message>
	
	<message id="no-bar-search-results">
		<h3>Sorry, we could not find any results for your search.</h3>
	</message>
	
	<message id="logged-in-user">
		<p class="navbar-text pull-right">
              ${tr:logged-in-user.logged-in-as} <a href="" class="navbar-link">${url}</a>
        </p>
	</message>
	
	<message id="nearby-bars-form">
			${header}
			<div class="nearby-bars-form">
			<div id="title">
				${tr:nearby-bars-form.title}
			</div>
			<form class="form-horizontal">	
				<div class="control-group">
				<label class="control-label" for="inputName">${tr:nearby-bars-form.location}:</label> ${location}
				</div>
				<div class="control-group">
				<label class="control-label" for="inputName">${tr:nearby-bars-form.radius}:</label> ${radius}
				</div>
				<div class="control-group">
				<label class="control-label" for="inputName">${tr:nearby-bars-form.beer}:</label> ${beer} ${warning}
				</div>
				<div class="controls">${search}</div>
			</form>
			<div class="row">
				<div class="map">${map}</div>
			 	<div class="results">${results}</div>
			</div>
			</div>
	</message>
	
	<message id="bar-result">
	 <div class="result">
	 	<div>${bar}</div>
		<div>${tr:bar-form.address}: ${address1}</div>
		<div> ${address2}</div>
		<div> ${address3}</div>
		<div>${friends}</div>
	</div>
		
		
		
	</message>
	
	
	<message id="friends-bars-form">
			${header}
			<div class="nearby-bars-form">
			<div id="title">
				${tr:friends-bars-form.title}
			</div>
			<form class="form-horizontal">	
				<div class="control-group">
				<label class="control-label" for="inputName">${tr:friends-bars-form.location}:</label> ${location}
				</div>
				<div class="control-group">
				<label class="control-label" for="inputName">${tr:friends-bars-form.radius}:</label> ${radius}
				</div>
				<div class="controls">${search}</div>
			</form>
			<div class="row">
				<div class="map container">${map}</div>
			 	<div class="results container">${results}</div>
			</div>
			</div>
	</message>
	
	
	
</messages>
